Name,PhoneNumber
Daniel Roach,1-436-137-2362
Ezekiel Casey,1-590-273-5894
Talon Farmer,1-843-489-9309
Vance Simon,1-426-866-1047
Sylvester Dodson,1-945-981-1412
Elvis Fleming,1-555-769-2529
Oleg Ayala,1-571-519-6372
Dante Maxwell,1-377-351-2986
Warren Ewing,1-901-373-2089
Lyle Gross,1-182-510-7338
Geoffrey Schroeder,1-431-635-8377
Seth Branch,1-405-536-5831
Chaney Frederick,1-983-570-4379
Eagan Kaufman,1-595-514-6905
Bruno Monroe,1-211-558-4935
Chaney Lowe,1-998-514-0761
Timothy Burris,1-261-263-7051
Edward Page,1-479-738-3320
Samson Ray,1-634-488-8216
Matthew Rose,1-498-452-3169
Cullen Summers,1-571-908-4924
Harper Conrad,1-164-256-0495
Peter Mathews,1-823-864-5418
Zephania Riddle,1-310-933-9148
Paki Bonner,1-325-364-4105
Kareem Moreno,1-990-401-7132
Simon Sears,1-727-597-9153
Kevin Hudson,1-686-739-1320
Amir Hubbard,1-800-606-8244
Benedict Camacho,1-934-674-6428
Steel Hanson,1-104-329-3485
Fuller Frazier,1-457-550-6881
Alan Hinton,1-869-323-1468
Bert Case,1-246-822-2873
Nasim Aguilar,1-721-164-0665
Wyatt Hensley,1-834-965-0483
Keefe Burnett,1-303-535-5607
Yoshio Russell,1-656-266-6917
Cruz Leblanc,1-367-140-4681
Acton Perry,1-527-685-7017
Elton Hendrix,1-753-576-5363
Asher Abbott,1-951-267-2663
Callum Thompson,1-881-385-6492
Christian Wells,1-374-612-5812
Yardley Foster,1-745-115-4947
Brian Craig,1-536-961-6330
Yardley Key,1-456-229-4364
Isaiah Foster,1-393-394-3323
Ferdinand Chase,1-592-609-0531
Brian Mcneil,1-263-406-7023
Beck England,1-762-944-5123
Jason Cleveland,1-428-247-1854
Arthur Warner,1-160-830-4610
Francis Hicks,1-506-244-5874
Dylan Sawyer,1-356-587-9145
Eagan Tillman,1-716-304-5900
Tucker Mitchell,1-448-947-0985
Zeph White,1-310-734-5747
Magee Wilson,1-975-752-1435
Christopher Mccarthy,1-218-133-9389
Hu Cummings,1-968-794-9855
Dolan Harper,1-361-236-1993
Steel Montoya,1-725-432-5335
Uriel Carr,1-291-731-6642
Raphael Love,1-583-539-4518
Reese Whitley,1-651-611-3468
Holmes Peck,1-234-455-7700
Armando Cervantes,1-271-584-9967
Matthew Calhoun,1-151-336-9328
Bruno Atkins,1-105-529-2209
Amal Crane,1-524-446-9636
Blake Wilkins,1-650-705-8538
Samson Everett,1-963-608-6687
Cruz Edwards,1-810-281-5358
Hakeem Hayden,1-503-541-2310
Alvin Morgan,1-206-144-2732
Kane Miles,1-640-154-5136
Raja Moss,1-326-681-8462
Galvin Scott,1-629-738-2280
Lester Bullock,1-213-321-7263
Chase Barron,1-290-752-1132
Len Reed,1-281-200-5611
Evan Powers,1-477-478-5462
Cedric Stevenson,1-995-166-1558
Ira Horne,1-229-978-2611
Reece Medina,1-520-715-6460
Chaney Garcia,1-893-367-5308
Dalton Walsh,1-256-561-6729
Jesse Wolf,1-260-194-0508
Zahir Durham,1-885-283-0539
Robert Wheeler,1-548-271-3465
Peter Todd,1-492-266-8984
Burton Romero,1-889-262-3018
Dane Duran,1-960-509-3187
Oren Hensley,1-714-405-1367
Quinn Vasquez,1-882-228-9098
Fletcher Allen,1-871-435-0251
Xavier Keith,1-468-106-7318
Vance Chang,1-825-865-2264
Damian Chandler,1-893-680-7010